<?xml version="1.0" encoding="utf-8"?>
<unattend xmlns="urn:schemas-microsoft-com:unattend">
    <settings pass="windowsPE">
        <component name="Microsoft-Windows-International-Core-WinPE" processorArchitecture="amd64" publicKeyToken="31bf3856ad364e35" language="neutral" versionScope="nonSxS" xmlns:wcm="http://schemas.microsoft.com/WMIConfig/2002/State" xmlns:xsi="http://www.w3.org/2001/XMLSchema-instance">
            <SetupUILanguage>
                <UILanguage>zh-CN</UILanguage>
            </SetupUILanguage>
            <InputLocale>zh-CN</InputLocale>
            <UILanguage>zh-CN</UILanguage>
            <SystemLocale>zh-CN</SystemLocale>
            <UserLocale>zh-CN</UserLocale>
        </component>
        <component name="Microsoft-Windows-Setup" processorArchitecture="amd64" publicKeyToken="31bf3856ad364e35" language="neutral" versionScope="nonSxS" xmlns:wcm="http://schemas.microsoft.com/WMIConfig/2002/State" xmlns:xsi="http://www.w3.org/2001/XMLSchema-instance">
			<DiskConfiguration>                
				<Disk wcm:action="add">
                    <CreatePartitions>						
                        <CreatePartition wcm:action="add">
                            <Extend>true</Extend>
                            <Order>1</Order>
                            <Type>Primary</Type>
                        </CreatePartition>
                    </CreatePartitions>
                    <ModifyPartitions>						
                        <ModifyPartition wcm:action="add">
                            <Active>true</Active>
                            <Format>NTFS</Format>
                            <Label>System</Label>
                            <Order>1</Order>
                            <PartitionID>1</PartitionID>
                        </ModifyPartition>
                    </ModifyPartitions>
                    <DiskID>$$VT_WINDOWS_DISK_MAX_SIZE$$</DiskID>
                    <WillWipeDisk>true</WillWipeDisk>
                </Disk>
            </DiskConfiguration>
			<ImageInstall>
                <OSImage>
                    <InstallFrom>
                        <MetaData wcm:action="add">
                            <Value>1</Value>
                            <Key>/IMAGE/INDEX</Key>
                        </MetaData>
                    </InstallFrom>
                    <InstallTo>
                        <DiskID>$$VT_WINDOWS_DISK_MAX_SIZE$$</DiskID>
                        <PartitionID>1</PartitionID>
                    </InstallTo>
                </OSImage>
            </ImageInstall>
            
            <UserData>
                <AcceptEula>true</AcceptEula>
                <FullName>-</FullName>
                <Organization>-</Organization>
				<!-- 
                $$VT_MAC_COLON_LOWER$$ $$VT_SERVER_IP$$  $$VT_LOCAL_IP$$/$$VT_NET_MASK_LEN$$
                $$VT_IMG_PMD5_HTTP_URL$$
                
                <ProductKey>
                    <WillShowUI>OnError</WillShowUI>
                    <Key>XXXXX-XXXXX-XXXXX-XXXXX-XXXXX</Key>
                </ProductKey>
                -->
            </UserData>
        </component>
    </settings>
    <settings pass="specialize">
        <component name="Microsoft-Windows-Shell-Setup" processorArchitecture="amd64" publicKeyToken="31bf3856ad364e35" language="neutral" versionScope="nonSxS" xmlns:wcm="http://schemas.microsoft.com/WMIConfig/2002/State" xmlns:xsi="http://www.w3.org/2001/XMLSchema-instance">
            <ComputerName>MyPC</ComputerName>
            <TimeZone>China Standard Time</TimeZone>
            <RegisteredOrganization>-</RegisteredOrganization>			
            <!--
            <ProductKey>XXXXX-XXXXX-XXXXX-XXXXX-XXXXX</ProductKey>
            -->
        </component>        
    </settings>
    <settings pass="oobeSystem">
        <component name="Microsoft-Windows-Shell-Setup" processorArchitecture="amd64" publicKeyToken="31bf3856ad364e35" language="neutral" versionScope="nonSxS" xmlns:wcm="http://schemas.microsoft.com/WMIConfig/2002/State" xmlns:xsi="http://www.w3.org/2001/XMLSchema-instance">
            <OOBE>
              <HideEULAPage>true</HideEULAPage> 
              <NetworkLocation>Work</NetworkLocation> 
              <ProtectYourPC>3</ProtectYourPC> 
              <SkipMachineOOBE>true</SkipMachineOOBE>
              <SkipUserOOBE>true</SkipUserOOBE> 
            </OOBE>
            <AutoLogon>
                <Enabled>true</Enabled>
                <LogonCount>2</LogonCount>
                <Username>administrator</Username>
                <Password>
                    <Value>123456</Value>
                    <PlainText>true</PlainText>
                </Password>
            </AutoLogon>
            <UserAccounts>
                <AdministratorPassword>
                    <Value>123456</Value>
                    <PlainText>true</PlainText>
                </AdministratorPassword>
                <LocalAccounts>
                    <LocalAccount wcm:action="add">
                        <Password>
                            <Value>public</Value>
                            <PlainText>true</PlainText>
                        </Password>
                        <DisplayName>public</DisplayName>
                        <Group>Administrators</Group>
                        <Name>public</Name>
                    </LocalAccount>
                </LocalAccounts>
            </UserAccounts>
            <RegisteredOrganization>-</RegisteredOrganization>
            <RegisteredOwner>-</RegisteredOwner>			
        </component>        
    </settings>
</unattend>
